<?xml version="1.0" encoding="UTF-8"?>
<project-private xmlns="http://www.netbeans.org/ns/project-private/1">
    <editor-bookmarks xmlns="http://www.netbeans.org/ns/editor-bookmarks/2" lastBookmarkId="0"/>
    <open-files xmlns="http://www.netbeans.org/ns/projectui-open-files/2">
        <group>
            <file>file:/D:/Skool/SAC/FALL%202022/CMPR%20113/Week%2010/Code/m10/src/m10/M10.java</file>
            <file>file:/D:/Skool/SAC/FALL%202022/CMPR%20113/Week%2010/Code/m10/src/m10/StudentRegistration.java</file>
        </group>
    </open-files>
</project-private>
